Video Url,Thumbnail Url,Video Title,Video Posting Time,Number of Views,_id
https://www.youtube.com/watch?v=8Pgsj94Gnkw,https://i.ytimg.com/vi/8Pgsj94Gnkw/hqdefault.jpg?sqp=-oaymwEjCNACELwBSFryq4qpAxUIARUAAAAAGAElAADIQj0AgKJDeAE=&rs=AOn4CLDspib6ES3K4-67_ckqsuXYoQEI6Q,Nationalism in India in One Shot üéØ || Class - 10th Boards,4 days ago,"30,343 views",650cd8f51a98ea52592ae73e
https://www.youtube.com/watch?v=yVkPfvFbQrg,https://i.ytimg.com/vi/yVkPfvFbQrg/hqdefault.jpg?sqp=-oaymwEjCNACELwBSFryq4qpAxUIARUAAAAAGAElAADIQj0AgKJDeAE=&rs=AOn4CLAHuobSBCchnmqjg_HI3m5ezfSz6Q,Only 4 Months Left for Class 10th BOARD EXAMS.. ü´µüèª üéØ,9 days ago,"101,014 views",650cd8f51a98ea52592ae73f
https://www.youtube.com/watch?v=Al3qF9bfxCs,https://i.ytimg.com/vi/Al3qF9bfxCs/hqdefault.jpg?sqp=-oaymwEjCNACELwBSFryq4qpAxUIARUAAAAAGAElAADIQj0AgKJDeAE=&rs=AOn4CLBjVONDBkeirEduA-jPMThHaFoDMQ,"OLYMPIAD EXAMS 2023-2024 | Last Date of Registration | NSE, INO, IOQM üéØ",10 days ago,"24,422 views",650cd8f51a98ea52592ae740
https://www.youtube.com/watch?v=dYh6Chnq0lo,https://i.ytimg.com/vi/dYh6Chnq0lo/hqdefault.jpg?sqp=-oaymwEjCNACELwBSFryq4qpAxUIARUAAAAAGAElAADIQj0AgKJDeAE=&rs=AOn4CLD3wXMLJ_0N7LTFQGTtnQyyMmrVyQ,Teacher's Day Offers üî• | Fastrack Batches LAUNCHED @‚Çπ1200 For 9th & 10th | Valid till 12th September,2 weeks ago,"26,657 views",650cd8f51a98ea52592ae741
https://www.youtube.com/watch?v=v22z2ixxN1c,https://i.ytimg.com/vi/v22z2ixxN1c/hqdefault.jpg?sqp=-oaymwEjCNACELwBSFryq4qpAxUIARUAAAAAGAElAADIQj0AgKJDeAE=&rs=AOn4CLDDrhT2BnmAs4mQk1qGaE-M0uaqDg,Launching FREE Batch for Class 12th  @PW-ArtsWallah  | NEW Channel | Check Description,2 weeks ago,"14,746 views",650cd8f51a98ea52592ae742
https://www.youtube.com/watch?v=MksUgxuA8L4,https://i.ytimg.com/vi/MksUgxuA8L4/hqdefault.jpg?sqp=-oaymwEjCNACELwBSFryq4qpAxUIARUAAAAAGAElAADIQj0AgKJDeAE=&rs=AOn4CLDQ5SsLg4ClKUiZu7byQQ7M14AdBQ,Launching FREE Batch for Class 9th @Class9th-NEEV  | NEW Channel | Check Description,2 weeks ago,"115,948 views",650cd8f51a98ea52592ae743
https://www.youtube.com/watch?v=3TL4-e3z7CA,https://i.ytimg.com/vi/3TL4-e3z7CA/hqdefault.jpg?sqp=-oaymwEjCNACELwBSFryq4qpAxUIARUAAAAAGAElAADIQj0AgKJDeAE=&rs=AOn4CLDFOunuRjlmJFjbixnSLOYNCdnZ5Q,Launching FREE Batch for Class 10th @Class10th-UDAAN  | NEW Channel | Check Description.,2 weeks ago,"151,797 views",650cd8f51a98ea52592ae744
https://www.youtube.com/watch?v=U09HORTeaB8,https://i.ytimg.com/vi/U09HORTeaB8/hqdefault.jpg?sqp=-oaymwEjCNACELwBSFryq4qpAxUIARUAAAAAGAElAADIQj0AgKJDeAE=&rs=AOn4CLBWK65s9_SVUIPOMOdfKwi7W91F2Q,MEGA MOCK TEST Series is LIVE Now üî¥|| For Class-9th & 10th Students @free,3 weeks ago,"57,503 views",650cd8f51a98ea52592ae745
https://www.youtube.com/watch?v=eazPrtheE14,https://i.ytimg.com/vi/eazPrtheE14/hqdefault.jpg?sqp=-oaymwEjCNACELwBSFryq4qpAxUIARUAAAAAGAElAADIQj0AgKJDeAE=&rs=AOn4CLC9Y9zNxlqJQATraYnUdTY370sl9w,ALERT üö® : OLYMPIAD EXAM Registration Open for 2023-2024 | Step by Step Procedure | NSO | IMO | SOF,4 weeks ago,"31,167 views",650cd8f51a98ea52592ae746
https://www.youtube.com/watch?v=luqdZrYnFOM,https://i.ytimg.com/vi/luqdZrYnFOM/hqdefault.jpg?sqp=-oaymwE9CNACELwBSFryq4qpAy8IARUAAAAAGAElAADIQj0AgKJDeAHwAQH4Af4JgALQBYoCDAgAEAEYVSBOKGUwDw==&rs=AOn4CLAZ-QKrG1DvRP_h_fg2Ap6zmMMD4A,Offer Ending Soon ü§Ø | Only Few Hours Left | #SapneDekhneKiAzaadi üî•,1 month ago,"18,537 views",650cd8f51a98ea52592ae747
https://www.youtube.com/watch?v=YiBqvPi8Q1I,https://i.ytimg.com/vi/YiBqvPi8Q1I/hqdefault.jpg?sqp=-oaymwEjCNACELwBSFryq4qpAxUIARUAAAAAGAElAADIQj0AgKJDeAE=&rs=AOn4CLAyxV_JDgk8dhcURfpinoX4xMOKGQ,Upto 35% Off On All PW Batches üî• | Only 1 Day Left ü§Ø #SapneDekhneKiAzaadi,1 month ago,"14,337 views",650cd8f51a98ea52592ae748
https://www.youtube.com/watch?v=mw9mLdN6ssA,https://i.ytimg.com/vi/mw9mLdN6ssA/hqdefault.jpg?sqp=-oaymwEjCNACELwBSFryq4qpAxUIARUAAAAAGAElAADIQj0AgKJDeAE=&rs=AOn4CLBr9yZ9mMeu874EolUAXr4mL9w8bw,Happy 77th Independence Day üáÆüá≥ | Check the Offers Now üî• #SapneDekhneKiAzaadi,1 month ago,"47,507 views",650cd8f51a98ea52592ae749
https://www.youtube.com/watch?v=LuTONVLzESM,https://i.ytimg.com/vi/LuTONVLzESM/hqdefault.jpg?sqp=-oaymwEjCNACELwBSFryq4qpAxUIARUAAAAAGAElAADIQj0AgKJDeAE=&rs=AOn4CLDbbIoxtBQT_Pc2yWrfUxAjNL6Xxg,ARTS ‡§ï‡•Ä ‡§¶‡•Å‡§®‡§ø‡§Ø‡§æ ‡§ï‡•Ä PAHAL üî• || Launching Class 11th ARTS BATCH,1 month ago,"25,731 views",650cd8f51a98ea52592ae74a
https://www.youtube.com/watch?v=KWXKegvNa-I,https://i.ytimg.com/vi/KWXKegvNa-I/hqdefault.jpg?sqp=-oaymwEjCNACELwBSFryq4qpAxUIARUAAAAAGAElAADIQj0AgKJDeAE=&rs=AOn4CLDmSg3HSTm6r9HO6jbtt6X2k60Vhg,Something Big Coming Soon For Class - 9th & 10th Students üî• || Stay Tuned For More Updates üñãÔ∏è,2 months ago,"45,317 views",650cd8f51a98ea52592ae74b
https://www.youtube.com/watch?v=dArUpCasmnE,https://i.ytimg.com/vi/dArUpCasmnE/hqdefault.jpg?sqp=-oaymwEjCNACELwBSFryq4qpAxUIARUAAAAAGAElAADIQj0AgKJDeAE=&rs=AOn4CLBZooZVux6hi4Pe2o44xgW0ZidzdA,Launching PAHAL Batch üî• For Class 11th Arts Students üí™,2 months ago,"39,381 views",650cd8f51a98ea52592ae74c
https://www.youtube.com/watch?v=HqG2QchBw8Y,https://i.ytimg.com/vi/HqG2QchBw8Y/hqdefault.jpg?sqp=-oaymwEjCNACELwBSFryq4qpAxUIARUAAAAAGAElAADIQj0AgKJDeAE=&rs=AOn4CLCCZpClghOPGpOOQ8S40M4xsoAeAA,Launching FUNDO For Class - 6th to 8th Students üî•üíØ || Ab Hoga Padhai Ke Sath FUN ü§©,2 months ago,"30,310 views",650cd8f51a98ea52592ae74d
https://www.youtube.com/watch?v=1izKrQHyx9M,https://i.ytimg.com/vi/1izKrQHyx9M/hqdefault.jpg?sqp=-oaymwEjCNACELwBSFryq4qpAxUIARUAAAAAGAElAADIQj0AgKJDeAE=&rs=AOn4CLBGtmz4N3ui0L2WZs2S7qHvnIwQmQ,‚ö°Unleashing the Power of PW Internationally‚ö°| Launching Physics Wallah Gulf,3 months ago,"74,133 views",650cd8f51a98ea52592ae74e
https://www.youtube.com/watch?v=jXAb1evxaJc,https://i.ytimg.com/vi/jXAb1evxaJc/hqdefault.jpg?sqp=-oaymwEjCNACELwBSFryq4qpAxUIARUAAAAAGAElAADIQj0AgKJDeAE=&rs=AOn4CLDmeiri9cimEVHPiAh5ootidgIzIg,Big Announcement for Gulf Region Aspirants üî•| Physics Wallah Gulf Channel TrailerüöÄ,3 months ago,"101,749 views",650cd8f51a98ea52592ae74f
https://www.youtube.com/watch?v=2dn7XMxRtPE,https://i.ytimg.com/vi/2dn7XMxRtPE/hqdefault.jpg?sqp=-oaymwEjCNACELwBSFryq4qpAxUIARUAAAAAGAElAADIQj0AgKJDeAE=&rs=AOn4CLCNuCKbYYT7Bqo7b2xVfh27z3YKMw,Arjuna JEE v/s Arjuna NEET üèè- Class 11th Faculties ka Cricket Match üî•,3 months ago,"559,025 views",650cd8f51a98ea52592ae750
https://www.youtube.com/watch?v=Fks4dVnTb5M,https://i.ytimg.com/vi/Fks4dVnTb5M/hqdefault.jpg?sqp=-oaymwEjCNACELwBSFryq4qpAxUIARUAAAAAGAElAADIQj0AgKJDeAE=&rs=AOn4CLCHXf5XebQJcUioL-AX9g1ZXcizVQ,How to Study Zoology in Class 11th? Ab Saare Doubts Solve Honge !! üî•,3 months ago,"13,141 views",650cd8f51a98ea52592ae751
https://www.youtube.com/watch?v=nIuGXeISbSo,https://i.ytimg.com/vi/nIuGXeISbSo/hqdefault.jpg?sqp=-oaymwEjCNACELwBSFryq4qpAxUIARUAAAAAGAElAADIQj0AgKJDeAE=&rs=AOn4CLDnazWdDQJGyaWrFBfL4fojeCtPFg,"BIGGEST OFFER For Class - 8th ,9th & 10th Students ü§© || Grab This Opportunity Now üî•",3 months ago,"46,322 views",650cd8f51a98ea52592ae752
https://www.youtube.com/watch?v=L5G-0FbyAsc,https://i.ytimg.com/vi/L5G-0FbyAsc/hqdefault.jpg?sqp=-oaymwEjCNACELwBSFryq4qpAxUIARUAAAAAGAElAADIQj0AgKJDeAE=&rs=AOn4CLAdyC-5lXf_r6bkEwWQ46yoxdhibA,UDAAN Hindi Batch üî•| Class 10th ‡§µ‡§æ‡§≤‡•ã‡§Ç ‡§ï‡•á ‡§¨‡§ö‡•ç‡§ö‡•á‡§Ç ‡§ï‡•á ‡§≤‡§ø‡§è Surprises üéâüéâ #3SaalLajawaab,3 months ago,"22,524 views",650cd8f51a98ea52592ae753
https://www.youtube.com/watch?v=uqDX6hcRf2I,https://i.ytimg.com/vi/uqDX6hcRf2I/hqdefault.jpg?sqp=-oaymwEjCNACELwBSFryq4qpAxUIARUAAAAAGAElAADIQj0AgKJDeAE=&rs=AOn4CLClh4rZkat6-ZrnFmV1r9LfVQIMIQ,NEEV 2.0 Batch üî• | Class 9th ‡§µ‡§æ‡§≤‡•ã‡§Ç ‡§ï‡•á ‡§¨‡§ö‡•ç‡§ö‡•á‡§Ç ‡§ï‡•á ‡§≤‡§ø‡§è Surprises üéâüéâ #3SaalLajawaab,3 months ago,"39,376 views",650cd8f51a98ea52592ae754
https://www.youtube.com/watch?v=9ZVfDuqKIQM,https://i.ytimg.com/vi/9ZVfDuqKIQM/hqdefault.jpg?sqp=-oaymwEjCNACELwBSFryq4qpAxUIARUAAAAAGAElAADIQj0AgKJDeAE=&rs=AOn4CLCnJoDuIK1sTwOwMeVCK0TgqBMqWg,How to Study Botany in Class 11th? Ab Saare Doubts Solve Honge !! üî•,3 months ago,"19,143 views",650cd8f51a98ea52592ae755
https://www.youtube.com/watch?v=1wMGzlQTyeM,https://i.ytimg.com/vi/1wMGzlQTyeM/hqdefault.jpg?sqp=-oaymwEjCNACELwBSFryq4qpAxUIARUAAAAAGAElAADIQj0AgKJDeAE=&rs=AOn4CLCriEk9XKxmE8B9bV2i9bVMSBgSrg,How To Prepare For National Science Olympiad? üî• || A Complete Guide For Class 9th & 10th Students,3 months ago,"114,378 views",650cd8f51a98ea52592ae756
https://www.youtube.com/watch?v=ivS0xPAbVUs,https://i.ytimg.com/vi/ivS0xPAbVUs/hqdefault.jpg?sqp=-oaymwEjCNACELwBSFryq4qpAxUIARUAAAAAGAElAADIQj0AgKJDeAE=&rs=AOn4CLDK11Y9cIabVtUjp1nmjPsbzGvtPQ,How to Study Physics in Class 11th? Ab Saare Numericals Solve Honge !! üî•,3 months ago,"41,624 views",650cd8f51a98ea52592ae757
https://www.youtube.com/watch?v=UJb799ZLCwQ,https://i.ytimg.com/vi/UJb799ZLCwQ/hqdefault.jpg?sqp=-oaymwEjCNACELwBSFryq4qpAxUIARUAAAAAGAElAADIQj0AgKJDeAE=&rs=AOn4CLCybvaLSQPFcP0WWtgpRmcEvCF_ig,Why Maximum Students WASTED their Class 11th? The HARSH TRUTH !!,4 months ago,"45,302 views",650cd8f51a98ea52592ae758
https://www.youtube.com/watch?v=RPCHRtdO9hg,https://i.ytimg.com/vi/RPCHRtdO9hg/hqdefault.jpg?sqp=-oaymwEjCNACELwBSFryq4qpAxUIARUAAAAAGAElAADIQj0AgKJDeAE=&rs=AOn4CLCrk2Bz2QtjI49bCY2WslrJRXxPcA,Meet Bhakti Agrawal : The Topper of Our CBSE Board Class - 10th 2023 üî•,4 months ago,"24,593 views",650cd8f51a98ea52592ae759
https://www.youtube.com/watch?v=iN2UWJW3lzo,https://i.ytimg.com/vi/iN2UWJW3lzo/hqdefault.jpg?sqp=-oaymwEjCNACELwBSFryq4qpAxUIARUAAAAAGAElAADIQj0AgKJDeAE=&rs=AOn4CLDsdt80zcMf4TIuaTmcc7fwf4-E5w,How To Plan Maths Strategy For Class -10th To Score 95%+ Marks || CBSE Boards üî•,4 months ago,"464,991 views",650cd8f51a98ea52592ae75a
https://www.youtube.com/watch?v=lRle7Jzciq8,https://i.ytimg.com/vi/lRle7Jzciq8/hqdefault.jpg?sqp=-oaymwEjCNACELwBSFryq4qpAxUIARUAAAAAGAElAADIQj0AgKJDeAE=&rs=AOn4CLCB6VmICIFkLrPomPaIlEkOgVqeFQ,Meet Dilisha Rajput : The Topper of Our CBSE Board Class - 10th 2023 üî•,4 months ago,"18,389 views",650cd8f51a98ea52592ae75b
https://www.youtube.com/watch?v=lRle7Jzciq8,https://i.ytimg.com/vi/lRle7Jzciq8/hqdefault.jpg?sqp=-oaymwEjCNACELwBSFryq4qpAxUIARUAAAAAGAElAADIQj0AgKJDeAE=&rs=AOn4CLCB6VmICIFkLrPomPaIlEkOgVqeFQ,Meet Dilisha Rajput : The Topper of Our CBSE Board Class - 10th 2023 üî•,4 months ago,"18,389 views",650cd8f51a98ea52592ae75c
https://www.youtube.com/watch?v=lRle7Jzciq8,https://i.ytimg.com/vi/lRle7Jzciq8/hqdefault.jpg?sqp=-oaymwEjCNACELwBSFryq4qpAxUIARUAAAAAGAElAADIQj0AgKJDeAE=&rs=AOn4CLCB6VmICIFkLrPomPaIlEkOgVqeFQ,Meet Dilisha Rajput : The Topper of Our CBSE Board Class - 10th 2023 üî•,4 months ago,"18,389 views",650cd8f51a98ea52592ae75d
https://www.youtube.com/watch?v=lRle7Jzciq8,https://i.ytimg.com/vi/lRle7Jzciq8/hqdefault.jpg?sqp=-oaymwEjCNACELwBSFryq4qpAxUIARUAAAAAGAElAADIQj0AgKJDeAE=&rs=AOn4CLCB6VmICIFkLrPomPaIlEkOgVqeFQ,Meet Dilisha Rajput : The Topper of Our CBSE Board Class - 10th 2023 üî•,4 months ago,"18,389 views",650cd8f51a98ea52592ae75e
